dataset,window_size,alphabet_size,run_count,f1_score_mean,f1_score_std,accuracy_mean,accuracy_std,precision_mean,precision_std,recall_mean,recall_std,roc_auc_mean,roc_auc_std,average_precision_mean,average_precision_std,training_seconds_mean,training_seconds_std,inference_seconds_mean,inference_seconds_std,state_count_mean,state_count_std,observed_transition_count_mean,observed_transition_count_std,possible_transition_count_mean,possible_transition_count_std,transition_density_mean,transition_density_std
BATADAL,4.0,3.0,1,0.2797927461139896,0.0,0.8271144278606966,0.0,0.2389380530973451,0.0,0.3375,0.0,0.6095735497237569,0.0,0.1500415424408749,0.0,0.7555458000279032,0.0,0.076374800002668,0.0,77.0,0.0,568.0,0.0,5929.0,0.0,0.0958003035925113,0.0
BATADAL,4.0,5.0,1,0.2207505518763796,0.0,0.5609452736318408,0.0,0.1340482573726541,0.0,0.625,0.0,0.5365245165745857,0.0,0.112449091544431,0.0,0.8068209000048228,0.0,0.3152815999928862,0.0,383.0,0.0,1342.0,0.0,146689.0,0.0,0.009148606916674,0.0
BATADAL,6.0,3.0,1,0.2184466019417475,0.0,0.599502487562189,0.0,0.1355421686746988,0.0,0.5625,0.0,0.5717023480662984,0.0,0.1217463332993066,0.0,1.0633387000416403,0.0,0.6871066000312567,0.0,441.0,0.0,1369.0,0.0,194481.0,0.0,0.007039248049938,0.0
BATADAL,5.0,5.0,1,0.2075471698113207,0.0,0.373134328358209,0.0,0.118705035971223,0.0,0.825,0.0,0.5184910220994475,0.0,0.1080096423186931,0.0,2.5407685000100173,0.0,2.92580700002145,0.0,933.0,0.0,1913.0,0.0,870489.0,0.0,0.0021976153633187,0.0
BATADAL,6.0,4.0,1,0.202572347266881,0.0,0.3830845771144278,0.0,0.1162361623616236,0.0,0.7875,0.0,0.5157890193370166,0.0,0.1107060950236502,0.0,3.901245900022332,0.0,5.317294300009962,0.0,940.0,0.0,1897.0,0.0,883600.0,0.0,0.0021468990493435,0.0
BATADAL,4.0,6.0,1,0.1924050632911392,0.0,0.6032338308457711,0.0,0.1206349206349206,0.0,0.475,0.0,0.5771149861878453,0.0,0.121358015983745,0.0,1.069154000026174,0.0,0.7853663999703713,0.0,629.0,0.0,1693.0,0.0,395641.0,0.0,0.0042791318392178,0.0
BATADAL,6.0,5.0,1,0.1912350597609561,0.0,0.2425373134328358,0.0,0.1069836552748885,0.0,0.9,0.0,0.4644595994475138,0.0,0.0981030552797804,0.0,10.4356364000123,0.0,12.2482122000074,0.0,1427.0,0.0,2201.0,0.0,2036329.0,0.0,0.0010808665986684,0.0
BATADAL,3.0,3.0,1,0.182716049382716,0.0,0.1766169154228855,0.0,0.1013698630136986,0.0,0.925,0.0,0.5400293508287293,0.0,0.1082001421293506,0.0,0.50320560002001,0.0,0.0369676999980583,0.0,26.0,0.0,174.0,0.0,676.0,0.0,0.257396449704142,0.0
BATADAL,4.0,4.0,1,0.1818181818181818,0.0,0.6753731343283582,0.0,0.1213389121338912,0.0,0.3625,0.0,0.5417904005524863,0.0,0.1130139176645154,0.0,0.7884683000156656,0.0,0.1002483000047504,0.0,210.0,0.0,1070.0,0.0,44100.0,0.0,0.0242630385487528,0.0
BATADAL,6.0,6.0,1,0.1802469135802469,0.0,0.1741293532338308,0.0,0.1,0.0,0.9125,0.0,0.4809823895027624,0.0,0.0969525984984124,0.0,16.097852999984752,0.0,18.163903199951164,0.0,1794.0,0.0,2288.0,0.0,3218436.0,0.0,0.0007109043025867,0.0
BATADAL,3.0,5.0,1,0.1789473684210526,0.0,0.8059701492537313,0.0,0.1545454545454545,0.0,0.2125,0.0,0.5472375690607736,0.0,0.1205462222037111,0.0,0.8155917000258341,0.0,0.0547807000111788,0.0,115.0,0.0,631.0,0.0,13225.0,0.0,0.0477126654064272,0.0
BATADAL,5.0,6.0,1,0.1679012345679012,0.0,0.5808457711442786,0.0,0.1046153846153846,0.0,0.425,0.0,0.5420148480662983,0.0,0.122853185681532,0.0,5.501802999991924,0.0,6.246731999970507,0.0,1296.0,0.0,2138.0,0.0,1679616.0,0.0,0.0012729099984758,0.0
BATADAL,3.0,4.0,1,0.1581920903954802,0.0,0.8146766169154229,0.0,0.1443298969072164,0.0,0.175,0.0,0.6214865331491712,0.0,0.1425966362765224,0.0,0.815132400020957,0.0,0.0457775000249967,0.0,60.0,0.0,359.0,0.0,3600.0,0.0,0.0997222222222222,0.0
BATADAL,5.0,3.0,1,0.1561338289962825,0.0,0.7176616915422885,0.0,0.1111111111111111,0.0,0.2625,0.0,0.5792558701657458,0.0,0.1198188716478235,0.0,0.8918526999768801,0.0,0.1172441000235267,0.0,200.0,0.0,933.0,0.0,40000.0,0.0,0.023325,0.0
BATADAL,5.0,4.0,1,0.0903225806451612,0.0,0.8246268656716418,0.0,0.0933333333333333,0.0,0.0875,0.0,0.5460549033149171,0.0,0.1110943453713141,0.0,0.977363099984359,0.0,0.9353294000029564,0.0,535.0,0.0,1521.0,0.0,286225.0,0.0,0.0053140012228142,0.0
BATADAL,3.0,6.0,1,0.0512820512820512,0.0,0.8619402985074627,0.0,0.081081081081081,0.0,0.0375,0.0,0.6042213397790055,0.0,0.1388849321151489,0.0,0.8106858999817632,0.0,0.0680715000489726,0.0,186.0,0.0,918.0,0.0,34596.0,0.0,0.0265348595213319,0.0
SKAB,6.0,4.0,5,0.5410953752599051,0.012106050052356841,0.41204058697946133,0.0466576258568659,0.3764794489647213,0.01501215686049887,0.9661597876369565,0.0567959375470832,0.46626549363872344,0.03652235604836991,0.3555030552238837,0.025583562954719096,2.0042089599999597,0.3092758737771189,0.5468102800077759,0.367294104280684,194.8,36.11370930823916,1096.2,151.02218380092376,38990.4,15506.676297646765,0.030396815807829797,0.008265212367755244
SKAB,5.0,4.0,5,0.5404177555419842,0.010658290825724245,0.4128148426258269,0.04632598953745769,0.37645127820568886,0.014385940665029616,0.962440055171561,0.05996115150562206,0.476421220254149,0.04142698508211272,0.36605895932625143,0.03081587154847035,1.6668580000055955,0.1359270777390688,0.29099428000627087,0.1025010882164908,102.2,15.738487856207787,625.2,74.15996224378758,10643.0,3421.62731752013,0.06254806647033426,0.016991528612720054
SKAB,4.0,4.0,5,0.537801297811183,0.010334097957302349,0.4124990424882589,0.044223243001119225,0.37534922040515734,0.012502933881162446,0.953646322868504,0.06929550683506827,0.47170683944917313,0.03957922069026512,0.359400435281594,0.023127479858572424,1.2236049399944022,0.07675680848613893,0.22162900000112126,0.04719812828838169,53.0,6.2048368229954285,345.0,23.42007685726074,2839.8,662.5471303990381,0.12611275165854227,0.02570048245712616
SKAB,3.0,5.0,5,0.537006396400383,0.011463335469276005,0.40584196158513997,0.04968412558248704,0.3735451816334111,0.011297645047897506,0.9617099808888051,0.08201886530194526,0.471609857263248,0.08741692844981788,0.35877933221770136,0.05315268451089568,0.9795683599892072,0.05257230419413521,0.18513677999144418,0.003854427906730478,33.6,4.33589667773576,172.2,15.336231610144653,1144.0,301.87414596152485,0.15614448302469133,0.028694036365926604
SKAB,4.0,5.0,5,0.5347622992638073,0.010302188748012588,0.3765105603872988,0.02640943482072823,0.36514667643156795,0.009745464136704208,0.9990981924831491,0.0014262143919224945,0.4470460553784049,0.08769756383102935,0.34694639981887937,0.04566243764070322,1.5368756400072017,0.14809718143090114,0.21599513998953626,0.031538767555204586,74.6,11.970797801316337,468.4,52.96036253652349,5679.8,1936.0125774384835,0.08675853674465465,0.01674185313069622
SKAB,6.0,5.0,5,0.5330870033169476,0.009445784804518124,0.37252453250316114,0.021391704266364,0.3635863198060548,0.00878461591280897,0.9989933877102745,0.0015598487547466753,0.4551140711395938,0.09593278812067006,0.3495658286257215,0.05199330302767581,2.321644260012545,0.28754981609864505,0.6961022799951024,0.3559421489833668,303.2,76.47025565538539,1564.8,275.3283494302757,96608.4,53192.00131880733,0.01812416899428228,0.004450458696671348
SKAB,5.0,5.0,5,0.5310291581141942,0.014530443107072681,0.3884565002925231,0.02815251324531957,0.3663891507594542,0.006469246048667205,0.9675250592035406,0.07117790490638248,0.4610422491565035,0.09918187813349265,0.3572298035885829,0.0616255113689789,1.9310792399919592,0.1320794911321723,0.2925898399902508,0.07551079469302838,150.6,30.063266622241837,854.2,119.06174868529354,23403.4,9948.579687573498,0.03933439551414366,0.008617540832567537
SKAB,3.0,4.0,5,0.5308802804599712,0.013570685023427242,0.4324621623123031,0.04056841949888784,0.37803436648889355,0.0053501988410124355,0.898555652988893,0.09787691286932367,0.4909777049470133,0.03432549944066361,0.37572892421106924,0.023847828163539846,0.8525526799843647,0.04477814022960233,0.18449821998365218,0.0036276005073096907,24.6,2.6076809620810595,126.4,5.319774431308154,610.6,129.04185367546452,0.21398898995110777,0.04249746443046933
SKAB,3.0,6.0,5,0.5268254486287691,0.01946422953806125,0.37127891166273275,0.01716531422600318,0.3606574782133977,0.011977681936151976,0.9774484536082474,0.050426790729698884,0.502116158829965,0.029322566309386768,0.36297208852009666,0.022322457678070833,1.0475022400147282,0.05125423104381678,0.21734877999406305,0.038688496514416165,45.6,8.648699324175862,227.4,38.07623931009994,2139.2,858.7497889373831,0.11308463850817259,0.022788844747405796
SKAB,4.0,6.0,5,0.5236429423054464,0.01614839995986436,0.36091841721475026,0.007612219532833719,0.3572438637090258,0.010779188864925519,0.9807931039105545,0.04115465764096516,0.46867675546615023,0.04790028440386829,0.3469393977773646,0.02503292600459585,1.6448209799942561,0.08676924090075873,0.22709113998571406,0.00770153083605601,109.0,31.160872901765767,629.6,136.2270164101086,12657.8,7817.7605616954015,0.057698680056513574,0.018126792639020395
SKAB,5.0,6.0,5,0.5235172394932693,0.016893248971391772,0.3624409304440908,0.007345954997291418,0.3574925045688251,0.010639456084643416,0.9782108591616444,0.04729939299483357,0.4484813197264511,0.06604630163400645,0.3415326003455176,0.04373397290002754,2.216376120003406,0.11608099934431437,0.44768385998904703,0.12473802316581847,227.2,79.07401595973231,1130.2,292.14328676182174,56622.0,43599.247969431766,0.02444518543181452,0.008051953003789664
SKAB,5.0,3.0,5,0.5212820522539277,0.01904710937784881,0.39408636769859123,0.042906435910701944,0.3643041074299231,0.007970660391055123,0.9237555470296442,0.10644654488309364,0.44618763854004706,0.05581937442814812,0.3451216144972472,0.022383551011185793,1.4225111600011586,0.18404633835173287,0.2562110399943776,0.032346201097448374,58.6,3.0495901363953806,411.0,48.45100618150257,3441.4,369.3051583717725,0.11943178653991196,0.006114033399522799
SKAB,6.0,3.0,5,0.5210852991549342,0.01908926920113326,0.3928512540362298,0.04122903400243085,0.3638694268518991,0.0075437004142035755,0.9249270711672978,0.10506624112045673,0.4403156423152506,0.05745133215659072,0.34025343421869153,0.022419560642106408,1.6924995800247415,0.18449308124330588,0.2972961000166833,0.06501170395697038,117.0,6.782329983125268,778.4,103.32860204222257,13725.8,1645.5185201024024,0.05670229693298716,0.0029332968220235223
SKAB,4.0,3.0,5,0.5210612626847329,0.019114896222847167,0.3952305722700436,0.04475291805979719,0.3645698998453011,0.00832612926879712,0.9212848058072775,0.10902498090359651,0.4522246841064389,0.05807437798139993,0.3503419913338578,0.02209405837494032,1.1024112200015224,0.13365928828919793,0.1999409800046123,0.004749757584709008,31.0,0.0,223.6,19.346834366376328,961.0,0.0,0.23267429760665967,0.020131981650755797
SKAB,6.0,6.0,5,0.5189193101186252,0.019671407981478466,0.3613389314853895,0.0077321795808480255,0.3553355454877802,0.012392129076966064,0.9621368568209085,0.04993863827607963,0.4394743928315508,0.05905476790693258,0.3318473414021221,0.031605881620724384,3.2001447999966333,0.4457569240333367,1.524262980010826,0.4585750489578012,465.4,146.67924188514203,2002.0,466.9518176428913,233809.0,162560.20292494717,0.01011649622675958,0.002964784131129907
SKAB,3.0,3.0,5,0.5186381981156745,0.020863584181413295,0.3937663764338505,0.04254019785517823,0.36319054012092034,0.006960041858884461,0.9155630892923229,0.11579044141588678,0.45593459126530334,0.05692077006116254,0.35507318245941716,0.025984406058042763,0.7857821199926548,0.08274486757362948,0.23705653999932105,0.030564437396233282,15.0,0.0,80.8,2.683281572999748,225.0,0.0,0.3591111111111111,0.011925695879998846
